,tick,lat,lng,trip_no,mercato_x,mercato_y
0,1561946460.0,50.96081,6.94791,0,773437.8032774933,6614364.391011688
1,1561946471.0,50.96094,6.94877,0,773533.5380395756,6614387.367136989
2,1561946482.0,50.96216,6.94838,0,773490.1234381662,6614602.99236862
3,1561946493.0,50.9623,6.9494,0,773603.6693187753,6614627.736609814
4,1561946504.0,50.96146,6.94966,0,773632.6123863816,6614479.272281078
5,1561946515.0,50.96075,6.94982,0,773650.4235049086,6614353.786667845
6,1561946526.0,50.9608,6.94989,0,773658.2158692641,6614362.623620095
7,1561946537.0,50.96083,6.94996,0,773666.0082336196,6614367.925796012
8,1561946548.0,50.96085,6.95004,0,773674.913792883,6614371.460581854
9,1561946559.0,50.96093,6.9517,0,773859.7041475999,6614385.599740453
10,1561946570.0,50.96092,6.95184,0,773875.2888763109,6614383.832344299
11,1561946581.0,50.96102,6.95277,0,773978.8160027488,6614401.506322976
12,1561946592.0,50.96102,6.95306,0,774011.0986550787,6614401.506322976
13,1561946603.0,50.96116,6.95426,0,774144.6820440306,6614426.249957031
14,1561946614.0,50.96116,6.95434,0,774153.587603294,6614426.249957031
15,1561946625.0,50.96114,6.95449,0,774170.2855269131,6614422.715147604
16,1561946636.0,50.96118,6.95636,0,774378.4529746965,6614429.7847679835
17,1561946647.0,50.96116,6.9583,0,774594.4127868356,6614426.249957031
18,1561946658.0,50.96109,6.95999,0,774782.5427262762,6614413.878130683
19,1561946669.0,50.96107,6.96024,0,774810.3725989744,6614410.343326579
20,1561946680.0,50.96111,6.96127,0,774925.0316744915,6614417.41293631
21,1561946691.0,50.96111,6.96155,0,774956.2011319136,6614417.41293631
22,1561946702.0,50.9611,6.96213,0,775020.7664365737,6614415.645533308
23,1561946713.0,50.96102,6.96355,0,775178.8401135001,6614401.506322976
24,1561946724.0,50.96109,6.96381,0,775207.7831811063,6614413.878130683
25,1561946735.0,50.96111,6.96384,0,775211.1227658303,6614417.41293631
26,1561946746.0,50.96148,6.9641,0,775240.0658334366,6614482.807114854
27,1561946757.0,50.96173,6.96424,0,775255.6505621476,6614526.992665442
28,1561946768.0,50.96224,6.96459,0,775294.6123839252,6614617.131925884
29,1561946779.0,50.9627,6.96495,0,775334.6874006108,6614698.434852663
30,1561946790.0,50.96287,6.96508,0,775349.1589344139,6614728.481790194
31,1561946801.0,50.96304,6.96517,0,775359.1776885852,6614758.52883767
32,1561946812.0,50.96328,6.96526,0,775369.1964427567,6614800.948385993
33,1561946823.0,50.96347,6.96536,0,775380.328391836,6614834.530683831
34,1561946834.0,50.96355,6.96536,0,775380.328391836,6614848.670639794
35,1561946845.0,50.9638,6.96521,0,775363.6304682171,6614892.858159127
36,1561946856.0,50.96403,6.96508,0,775349.1589344139,6614933.510886926
37,1561946867.0,50.96472,6.96497,0,775336.9137904266,6615055.47027793
38,1561946878.0,50.96537,6.96485,0,775323.5554515314,6615170.361216295
39,1561946889.0,50.96552,6.96478,0,775315.7630871759,6615196.874738059
40,1561946900.0,50.96568,6.96462,0,775297.951968649,6615225.155922301
41,1561946911.0,50.96579,6.96459,0,775294.6123839252,6615244.599292974
42,1561946922.0,50.96672,6.96479,0,775316.8762820838,6615408.985994241
43,1561946933.0,50.96675,6.96478,0,775315.7630871759,6615414.288845853
44,1561946944.0,50.96685,6.96473,0,775310.1971126363,6615431.965042616
45,1561946955.0,50.96805,6.96482,0,775320.2158668076,6615644.082371968
46,1561946966.0,50.96943,6.96494,0,775333.5742057029,6615888.024075318
47,1561946977.0,50.96967,6.96499,0,775339.1401802425,6615930.449459217
48,1561946988.0,50.97006,6.96502,0,775342.4797649663,6615999.391175598
49,1561946999.0,50.97014,6.96503,0,775343.5929598742,6616013.533137692
50,1561947010.0,50.97021,6.96508,0,775349.1589344139,6616025.907374503
51,1561947021.0,50.97033,6.96519,0,775361.4040784012,6616047.12039528
52,1561947032.0,50.97036,6.9652,0,775362.5172733092,6616052.423659042
53,1561947043.0,50.97038,6.96521,0,775363.6304682171,6616055.959170118
54,1561947054.0,50.97049,6.96542,0,775387.0075612835,6616075.4045082405
55,1561947065.0,50.97073,6.96521,0,775363.6304682171,6616117.8308603745
56,1561947076.0,50.97083,6.9652,0,775362.5172733092,6616135.508571802
57,1561947087.0,50.97109,6.96521,0,775363.6304682171,6616181.470799632
58,1561947098.0,50.9711,6.96546,0,775391.4603409154,6616183.238582767
59,1561947109.0,50.97108,6.96619,0,775472.7235691944,6616179.703016882
60,1561947120.0,50.97113,6.96709,0,775572.9111109084,6616188.541934444
61,1561947131.0,50.97115,6.96805,0,775679.7778220699,6616192.077504134
62,1561947142.0,50.97136,6.96804,0,775678.6646271619,6616229.20107779
63,1561947153.0,50.97181,6.96806,0,775680.8910169778,6616308.752157998
64,1561947164.0,50.97209,6.9681,0,775685.3437966096,6616358.250996915
65,1561947175.0,50.97286,6.96812,0,775687.5701864255,6616494.374342676
66,1561947186.0,50.97355,6.96815,0,775690.9097711492,6616616.35692053
67,1561947197.0,50.97429,6.96817,0,775693.1361609651,6616747.180829752
68,1561947208.0,50.97431,6.96852,0,775732.0979827427,6616750.716640015
69,1561947219.0,50.97438,6.96915,0,775802.2292619424,6616763.091987923
70,1561947230.0,50.97453,6.97089,0,775995.9251759227,6616789.610653401
71,1561947241.0,50.97483,6.973,0,776230.8093014966,6616842.648241321
72,1561947252.0,50.9749,6.97346,0,776282.0162672616,6616855.0237278035
73,1561947263.0,50.97505,6.97416,0,776359.9399108168,6616881.542690225
74,1561947274.0,50.97508,6.97428,0,776373.298249712,6616886.846492986
75,1561947285.0,50.97525,6.97416,0,776359.9399108168,6616916.901440031
76,1561947296.0,50.97648,6.97326,0,776259.7523691028,6617134.36109955
77,1561947307.0,50.97682,6.973,0,776230.8093014966,6617194.472915905
78,1561947318.0,50.97729,6.97261,0,776187.3947000873,6617277.5693867905
79,1561947329.0,50.97837,6.97159,0,776073.8488194781,6617468.517655763
80,1561947340.0,50.97976,6.97029,0,775929.1334814469,6617714.281686725
81,1561946760.0,50.9327,6.95594,1,774331.6987885634,6609397.754792604
82,1561946770.0,50.93259,6.95554,1,774287.170992246,6609378.325258698
83,1561946780.0,50.93235,6.95501,1,774228.1716621256,6609335.933707866
84,1561946790.0,50.93207,6.95453,1,774174.738306545,6609286.477175041
85,1561946800.0,50.93171,6.95388,1,774102.3806375292,6609222.890641757
86,1561946810.0,50.93111,6.95268,1,773968.7972485773,6609116.914179994
87,1561946820.0,50.93101,6.95241,1,773938.7409860631,6609099.251569281
88,1561946830.0,50.93091,6.95199,1,773891.98679993,6609081.58899654
89,1561946840.0,50.93071,6.95067,1,773745.0450720828,6609046.263964984
90,1561946850.0,50.93051,6.94953,1,773618.1408525784,6609010.939085322
91,1561946860.0,50.93039,6.94859,1,773513.5005312328,6608989.744230439
92,1561946870.0,50.93029,6.94751,1,773393.2754811761,6608972.08189314
93,1561946880.0,50.93017,6.94642,1,773271.9372362114,6608950.887138498
94,1561946890.0,50.93003,6.94567,1,773188.4476181164,6608926.159993867
95,1561946900.0,50.92987,6.94504,1,773118.3163389167,6608897.900491135
96,1561946910.0,50.92967,6.94431,1,773037.0531106376,6608862.576249419
97,1561946920.0,50.92963,6.94394,1,772995.864899044,6608855.511419302
98,1561946930.0,50.92965,6.94367,1,772965.8086365298,6608859.043833601
99,1561946940.0,50.92972,6.94289,1,772878.9794337112,6608871.407295607
100,1561946950.0,50.92969,6.9426,1,772846.6967813811,6608866.108666757
101,1561946960.0,50.92962,6.94237,1,772821.0932984987,6608853.745212724
102,1561946970.0,50.92943,6.94198,1,772777.6786970892,6608820.187359849
103,1561946980.0,50.92938,6.94188,1,772766.54674801,6608811.35636872
104,1561946990.0,50.92935,6.94187,1,772765.433553102,6608806.057778599
105,1561947000.0,50.92931,6.94182,1,772759.8675785623,6608798.992997085
106,1561947010.0,50.92912,6.9415,1,772724.2453415084,6608765.435367861
107,1561947020.0,50.92904,6.94108,1,772677.4911553754,6608751.305880778
108,1561947030.0,50.92885,6.93972,1,772526.0966478966,6608717.748446342
109,1561947040.0,50.92883,6.93966,1,772519.417478449,6608714.216092796
110,1561947050.0,50.92885,6.93957,1,772509.3987242774,6608717.748446342
111,1561947060.0,50.92883,6.93948,1,772499.379970106,6608714.216092796
112,1561947070.0,50.92877,6.93854,1,772394.7396487604,6608703.619041273
113,1561947080.0,50.92866,6.93762,1,772292.3257172306,6608684.191148981
114,1561947090.0,50.92857,6.93691,1,772213.2888787674,6608668.295634915
115,1561947100.0,50.92855,6.93655,1,772173.2138620818,6608664.763302631
116,1561947110.0,50.92855,6.93645,1,772162.0819130024,6608664.763302631
117,1561947120.0,50.92859,6.93632,1,772147.6103791994,6608671.827968716
118,1561947130.0,50.92835,6.93598,1,772109.7617523295,6608629.440063337
119,1561947140.0,50.92807,6.93553,1,772059.6679814727,6608579.987783473
120,1561947150.0,50.92791,6.93521,1,772024.0457444187,6608551.729471487
121,1561947160.0,50.92778,6.93492,1,771991.7630920887,6608528.769664572
122,1561947170.0,50.92769,6.93474,1,771971.7255837459,6608512.874451214
123,1561947180.0,50.92747,6.93407,1,771897.1415249145,6608474.019614701
124,1561947190.0,50.92722,6.93333,1,771814.7651017274,6608429.86661444
125,1561947200.0,50.927,6.93282,1,771757.992161423,6608391.012170507
126,1561947210.0,50.92695,6.93272,1,771746.8602123435,6608382.181640689
127,1561947220.0,50.92687,6.93249,1,771721.2567294611,6608368.052812733
128,1561947230.0,50.92675,6.93226,1,771695.6532465786,6608346.859616356
129,1561947240.0,50.92648,6.93182,1,771646.6726706296,6608299.175124386
130,1561947250.0,50.9264,6.93168,1,771631.0879419185,6608285.0464391755
131,1561947260.0,50.92627,6.93137,1,771596.5788997726,6608262.08737753
132,1561947270.0,50.92586,6.93021,1,771467.4482904525,6608189.67844953
133,1561947280.0,50.92581,6.93007,1,771451.8635617413,6608180.848136117
134,1561947290.0,50.92575,6.9299,1,771432.9392483064,6608170.251772545
135,1561947300.0,50.92564,6.9297,1,771410.675350148,6608150.825141496
136,1561947310.0,50.92512,6.93003,1,771447.4107821097,6608058.990780181
137,1561947320.0,50.92493,6.92965,1,771405.1093756082,6608025.4361734465
138,1561947330.0,50.92468,6.92907,1,771340.5440709481,6607981.285583901
139,1561947340.0,50.92436,6.92819,1,771242.58291905,6607924.773175485
140,1561947350.0,50.92404,6.92712,1,771123.4710639012,6607868.261155783
141,1561947360.0,50.92394,6.92674,1,771081.1696573998,6607850.60122934
142,1561947370.0,50.92356,6.92561,1,770955.3786328033,6607783.49385505
143,1561947380.0,50.92311,6.92421,1,770799.5313456928,6607704.025304889
144,1561947390.0,50.92282,6.9234,1,770709.3625581502,6607652.8126465175
145,1561947400.0,50.92269,6.92306,1,770671.5139312806,6607629.855351558
146,1561947410.0,50.92242,6.92233,1,770590.2507030014,6607582.175020841
147,1561947420.0,50.92224,6.92181,1,770532.3645677889,6607550.3882874185
148,1561947430.0,50.92197,6.92101,1,770443.3089751543,6607502.708417865
149,1561947440.0,50.92147,6.91968,1,770295.2540523992,6607414.413093768
150,1561947450.0,50.92128,6.91907,1,770227.3491630154,6607380.861119402
151,1561947460.0,50.92055,6.91636,1,769925.6733429655,6607251.952176558
152,1561947470.0,50.92037,6.91563,1,769844.4101146865,6607220.1667206595
153,1561946820.0,50.94758,6.95806,2,774567.6961090451,6612026.464508167
154,1561946825.0,50.94893,6.95845,2,774611.1107104544,6612264.997947898
155,1561946830.0,50.94933,6.95858,2,774625.5822442576,6612335.675853084
156,1561946835.0,50.95011,6.95893,2,774664.5440660352,6612473.499517636
157,1561946840.0,50.9501,6.95908,2,774681.2419896543,6612471.732532939
158,1561946845.0,50.95013,6.95909,2,774682.3551845622,6612477.033488161
159,1561946850.0,50.95015,6.95912,2,774685.694769286,6612480.567460211
160,1561946855.0,50.95016,6.95938,2,774714.6378368923,6612482.334446809
161,1561946860.0,50.95018,6.95953,2,774731.3357605112,6612485.86842114
162,1561946865.0,50.95029,6.95977,2,774758.0524383016,6612505.305307141
163,1561946870.0,50.9503,6.95977,2,774758.0524383016,6612507.072299057
164,1561946875.0,50.95037,6.95966,2,774745.8072943144,6612519.441253123
165,1561946880.0,50.95063,6.95949,2,774726.8829808794,6612565.383245602
166,1561946885.0,50.95067,6.95931,2,774706.8454725367,6612572.451267257
167,1561946890.0,50.95079,6.95875,2,774644.5065576925,6612593.655368718
168,1561946895.0,50.95079,6.95865,2,774633.3746086131,6612593.655368718
169,1561946900.0,50.95069,6.95843,2,774608.8843206386,6612575.985280369
170,1561946905.0,50.95068,6.95832,2,774596.6391766513,6612574.218273623
171,1561946910.0,50.95037,6.95833,2,774597.7523715593,6612519.441253123
172,1561946915.0,50.95037,6.95828,2,774592.1863970197,6612519.441253123
173,1561946920.0,50.95046,6.9581,2,774572.1488886769,6612535.344221438
174,1561946820.0,50.95019,6.95694,3,774443.0182793568,6612487.635408874
175,1561946831.0,50.94933,6.95689,3,774437.4523048169,6612335.675853084
176,1561946842.0,50.94909,6.9569,3,774438.5654997249,6612293.269036985
177,1561946853.0,50.94924,6.95662,3,774407.3960423027,6612319.773271388
178,1561946864.0,50.94937,6.9564,3,774382.9057543284,6612342.743677054
179,1561946875.0,50.94944,6.95625,3,774366.2078307093,6612355.112383642
180,1561946886.0,50.94985,6.95461,3,774183.6438658083,6612427.5580391325
181,1561946897.0,50.94982,6.95445,3,774165.8327472814,6612422.257115846
182,1561946908.0,50.94961,6.95384,3,774097.9278578975,6612385.15074861
183,1561946919.0,50.94928,6.95287,3,773989.947951828,6612326.841081671
184,1561946930.0,50.94883,6.95163,3,773851.9117832443,6612247.328566633
185,1561946941.0,50.94837,6.95038,3,773712.7624197528,6612166.049902439
186,1561946952.0,50.94773,6.94874,3,773530.1984548518,6612052.967881584
187,1561946963.0,50.94696,6.94685,3,773319.8046172526,6611916.918138667
188,1561946974.0,50.94651,6.94574,3,773196.2399824719,6611837.409592011
189,1561946985.0,50.946,6.9446,3,773069.3357629677,6611747.300836242
190,1561946996.0,50.94544,6.94336,3,772931.299594384,6611648.359027426
191,1561947007.0,50.94536,6.94312,3,772904.5829165936,6611634.224580609
192,1561947018.0,50.94533,6.94282,3,772871.1870693556,6611628.924169319
193,1561947029.0,50.9453,6.9427,3,772857.8287304605,6611623.623761455
194,1561947040.0,50.94526,6.94259,3,772845.5835864731,6611616.556556286
195,1561947051.0,50.94519,6.94248,3,772833.3384424858,6611604.188961876
196,1561947062.0,50.94459,6.94191,3,772769.8863327337,6611498.181773685
197,1561947073.0,50.94454,6.94189,3,772767.6599429178,6611489.347903092
198,1561947084.0,50.94387,6.94127,3,772698.641858626,6611370.974953809
199,1561947095.0,50.94318,6.94059,3,772622.9446048866,6611249.070266728
200,1561947106.0,50.94312,6.9405,3,772612.9258507153,6611238.469944662
201,1561947117.0,50.94306,6.94044,3,772606.2466812676,6611227.869636272
202,1561947128.0,50.943,6.94039,3,772600.6807067279,6611217.269341562
203,1561947139.0,50.94286,6.94034,3,772595.1147321883,6611192.53537378
204,1561947150.0,50.94279,6.94035,3,772596.2279270962,6611180.168417819
205,1561947161.0,50.94264,6.94041,3,772602.9070965438,6611153.667860599
206,1561947172.0,50.94254,6.94043,3,772605.1334863597,6611136.000869955
207,1561947183.0,50.94231,6.9404,3,772601.7939016359,6611095.366935679
208,1561947194.0,50.94197,6.94034,3,772595.1147321883,6611035.29974887
209,1561947205.0,50.94157,6.94024,3,772583.982783109,6610964.63303265
210,1561947216.0,50.94152,6.94028,3,772588.4355627407,6610955.79973587
211,1561947227.0,50.94125,6.94021,3,772580.6431983851,6610908.100097408
212,1561947238.0,50.94034,6.93997,3,772553.9265205947,6610747.336689287
213,1561947249.0,50.93928,6.93971,3,772524.9834529886,6610560.077785317
214,1561947260.0,50.93918,6.93963,3,772516.0778937251,6610542.412071343
215,1561947271.0,50.93879,6.9395,3,772501.6063599219,6610473.5161498515
216,1561947282.0,50.93826,6.93936,3,772486.0216312108,6610379.889285344
217,1561947293.0,50.93826,6.93963,3,772516.0778937251,6610379.889285344
218,1561947304.0,50.93827,6.93992,3,772548.3605460551,6610381.655820083
219,1561946880.0,50.96842,6.97777,4,776761.8032725805,6615709.486320476
220,1561946887.0,50.96779,6.97808,4,776796.3123147264,6615598.123152252
221,1561946894.0,50.96774,6.97807,4,776795.1991198185,6615589.284870262
222,1561946901.0,50.9676,6.97744,4,776725.0678406187,6615564.537731302
223,1561946908.0,50.96757,6.97725,4,776703.917137368,6615559.234782654
224,1561946915.0,50.96796,6.97707,4,776683.8796290254,6615628.173382186
225,1561946922.0,50.96816,6.97697,4,776672.7476799459,6615663.52673467
226,1561946929.0,50.96885,6.97651,4,776621.540714181,6615785.4969692575
227,1561946936.0,50.96898,6.97642,4,776611.5219600097,6615808.477071364
228,1561946943.0,50.96905,6.97665,4,776637.1254428921,6615820.850999141
229,1561946950.0,50.96917,6.9771,4,776687.219213749,6615842.063490146
230,1561946957.0,50.96936,6.97802,4,776789.6331452788,6615875.650046309
231,1561946964.0,50.96951,6.9787,4,776865.3303990182,6615902.165845595
232,1561946971.0,50.96954,6.97885,4,776882.0283226373,6615907.469015727
233,1561946978.0,50.96993,6.97998,4,777007.8193472337,6615976.410539155
234,1561946985.0,50.96994,6.98029,4,777042.3283893795,6615978.178278133
235,1561946992.0,50.96993,6.98103,4,777124.7048125665,6615976.410539155
236,1561946999.0,50.96976,6.98321,4,777367.3813024958,6615946.359034694
237,1561947006.0,50.96972,6.98382,4,777435.2861918798,6615939.288108452
238,1561947013.0,50.96958,6.98529,4,777598.9258433459,6615914.539914566
239,1561947020.0,50.96955,6.98576,4,777651.2460040187,6615909.236739863
240,1561947027.0,50.96956,6.98608,4,777686.8682410726,6615911.004464385
241,1561947034.0,50.96961,6.9866,4,777744.7543762851,6615919.84309269
242,1561947041.0,50.96966,6.98698,4,777787.0557827866,6615928.681730512
243,1561947048.0,50.96961,6.98738,4,777831.5835791038,6615919.84309269
244,1561947055.0,50.9696,6.98773,4,777870.5454008816,6615918.075366269
245,1561947062.0,50.96963,6.98814,4,777916.1863921067,6615923.378546677
246,1561947069.0,50.96901,6.98836,4,777940.6766800813,6615813.780180983
247,1561947076.0,50.96896,6.98841,4,777946.242654621,6615804.941666854
248,1561947083.0,50.96804,6.98872,4,777980.7516967668,6615642.314704913
249,1561947090.0,50.96768,6.9889,4,778000.7892051097,6615578.678944431
250,1561947097.0,50.96733,6.98915,4,778028.619077808,6615516.81131679
251,1561947104.0,50.96723,6.98924,4,778038.6378319793,6615499.134937367
252,1561947111.0,50.96717,6.98914,4,778027.5058829,6615488.529127981
253,1561947118.0,50.96706,6.98921,4,778035.2982472555,6615469.085179684
254,1561947125.0,50.96693,6.98927,4,778041.9774167031,6615446.106027429
255,1561947132.0,50.96664,6.98946,4,778063.1281199539,6615394.845073361
256,1561947139.0,50.96644,6.98964,4,778083.1656282967,6615359.4928777
257,1561947146.0,50.96629,6.98982,4,778103.2031366394,6615332.9788308395
258,1561947153.0,50.96607,6.99012,4,778136.5989838775,6615294.091716985
259,1561947160.0,50.96589,6.99057,4,778186.6927547344,6615262.275124448
260,1561947167.0,50.96576,6.99101,4,778235.6733306835,6615239.296550953
261,1561947174.0,50.96515,6.99299,4,778456.0859224541,6615131.474872569
262,1561947181.0,50.96497,6.99357,4,778520.6512271143,6615099.658910135
263,1561947188.0,50.96495,6.9937,4,778535.1227609173,6615096.123810811
264,1561947195.0,50.96491,6.99377,4,778542.9151252728,6615089.05361672
265,1561947202.0,50.96475,6.99427,4,778598.5748706696,6615060.772901238
266,1561947209.0,50.96428,6.9958,4,778768.8936915832,6614977.698862817
267,1561947216.0,50.96392,6.99697,4,778899.1374958113,6614914.068252872
268,1561947223.0,50.96378,6.99742,4,778949.2312666683,6614889.32314883
269,1561947230.0,50.96372,6.99764,4,778973.7215546429,6614878.718127068
270,1561947237.0,50.9637,6.99775,4,778985.9666986301,6614875.183122862
271,1561947244.0,50.96364,6.99788,4,779000.4382324333,6614864.578119362
272,1561947251.0,50.9635,6.99831,4,779048.3056134743,6614839.833164464
273,1561947258.0,50.96336,6.99877,4,779099.5125792393,6614815.088284129
274,1561947265.0,50.96329,6.99911,4,779137.3612061089,6614802.715871932
275,1561947272.0,50.96306,6.9999,4,779225.3036038356,6614762.0637916615
276,1561947279.0,50.96289,7.0003,4,779269.831400153,6614732.016731251
277,1561947286.0,50.96275,7.00077,4,779322.1515608259,6614707.272175817
278,1561947293.0,50.96244,7.00192,4,779450.1689752381,6614652.480925576
279,1561947300.0,50.96201,7.0036,4,779637.1857197707,6614576.480764365
280,1561947307.0,50.96201,7.00374,4,779652.7704484818,6614576.480764365
281,1561947314.0,50.96204,7.00386,4,779666.1287873772,6614581.783078372
282,1561947321.0,50.96192,7.00391,4,779671.6947619168,6614560.573842899
283,1561947328.0,50.96195,7.00395,4,779676.1475415484,6614565.876146635
284,1561947335.0,50.96198,7.00415,4,779698.411439707,6614571.178453788
285,1561947342.0,50.962,7.00423,4,779707.3169989706,6614574.713327127
286,1561947349.0,50.96211,7.00434,4,779719.5621429578,6614594.155157693
287,1561947356.0,50.96205,7.00449,4,779736.2600665768,6614583.5505171325
288,1561947363.0,50.96198,7.00448,4,779735.1468716689,6614571.178453788
289,1561947370.0,50.96127,7.00407,4,779689.5058804435,6614445.691436094
290,1561947377.0,50.96119,7.00453,4,779740.7128462085,6614431.552174033
291,1561947384.0,50.96109,7.00506,4,779799.712176329,6614413.878130683
292,1561947391.0,50.961,7.0051,4,779804.1649559606,6614397.971524196
293,1561947398.0,50.96093,7.00504,4,779797.4857865131,6614385.599740453
294,1561947405.0,50.96083,7.00501,4,779794.1462017894,6614367.925796012
295,1561947412.0,50.9607,7.00518,4,779813.0705152241,6614344.949725105
296,1561947419.0,50.96035,7.00547,4,779845.3531675542,6614283.09139219
297,1561947426.0,50.96001,7.00572,4,779873.1830402525,6614223.00088641
298,1561947433.0,50.95913,7.00631,4,779938.8615398206,6614067.474560345
299,1561947440.0,50.95877,7.00649,4,779958.8990481633,6614003.851003194
300,1561947447.0,50.9583,7.0067,4,779982.27614123,6613920.787656561
301,1561947454.0,50.95813,7.00676,4,779988.9553106775,6613890.743674257
302,1561947461.0,50.95796,7.00678,4,779991.1817004934,6613860.699801876
303,1561947468.0,50.95785,7.00678,4,779991.1817004934,6613841.2597077275
304,1561947475.0,50.95776,7.00673,4,779985.6157259537,6613825.354210381
305,1561947482.0,50.95767,7.00669,4,779981.162946322,6613809.448743841
306,1561947489.0,50.95761,7.00669,4,779981.162946322,6613798.845116594
307,1561947496.0,50.95757,7.00671,4,779983.3893361379,6613791.77603937
308,1561947503.0,50.95714,7.00721,4,780039.0490815345,6613715.783843531
309,1561947510.0,50.95708,7.0074,4,780060.1997847852,6613705.180337226
310,1561947517.0,50.95708,7.00746,4,780066.8789542328,6613705.180337226
311,1561947524.0,50.9565,7.00875,4,780210.4810973561,6613602.680482145
312,1561947531.0,50.95578,7.01038,4,780391.9318673491,6613475.441062536
313,1561947538.0,50.95554,7.01089,4,780448.7048076538,6613433.028360759
314,1561947545.0,50.95537,7.01131,4,780495.458993787,6613402.986162858
315,1561947552.0,50.95527,7.01156,4,780523.2888664852,6613385.314333082
316,1561947559.0,50.95508,7.01194,4,780565.5902729867,6613351.737961263
317,1561947566.0,50.95502,7.01213,4,780586.7409762375,6613341.1349249985
318,1561947573.0,50.955,7.01222,4,780596.7597304088,6613337.600582622
319,1561947580.0,50.95498,7.01235,4,780611.2312642118,6613334.066241764
320,1561947587.0,50.95489,7.01233,4,780609.0048743961,6613318.161726727
321,1561947594.0,50.95481,7.01231,4,780606.7784845802,6613304.024405882
322,1561947601.0,50.95468,7.01229,4,780604.5520947643,6613281.051311423
323,1561947608.0,50.95454,7.01231,4,780606.7784845802,6613256.311127714
324,1561947615.0,50.95446,7.01236,4,780612.3444591198,6613242.173913346
325,1561947622.0,50.9544,7.01248,4,780625.7027980151,6613231.571018538
326,1561947629.0,50.95439,7.01261,4,780640.1743318181,6613229.803870734
327,1561947636.0,50.95432,7.01368,4,780759.2861869669,6613217.433846761
328,1561947643.0,50.95432,7.01375,4,780767.0785513226,6613217.433846761
329,1561947650.0,50.95422,7.01374,4,780765.9653564147,6613199.762416255
330,1561947657.0,50.95401,7.01373,4,780764.8521615067,6613162.652535967
331,1561947664.0,50.95357,7.01368,4,780759.2861869669,6613084.899044834
332,1561947671.0,50.95334,7.01369,4,780760.399381875,6613044.255467444
333,1561947678.0,50.95323,7.01372,4,780763.7389665988,6613024.817305877
334,1561947685.0,50.9531,7.01379,4,780771.5313309543,6613001.84499244
335,1561947120.0,50.9227,6.96167,5,774969.5594708088,6607631.62129505
336,1561947133.0,50.92329,6.96161,5,774962.8803013613,6607735.8126327135
337,1561947146.0,50.92329,6.96156,5,774957.3143268216,6607735.8126327135
338,1561947159.0,50.92351,6.96044,5,774832.6364971332,6607774.663978184
339,1561947172.0,50.92343,6.96035,5,774822.6177429617,6607760.53619494
340,1561947185.0,50.92338,6.96027,5,774813.7121836982,6607751.706342745
341,1561947198.0,50.92325,6.95954,5,774732.4489554191,6607728.748771463
342,1561947211.0,50.92314,6.959,5,774672.3364303907,6607709.323184318
343,1561947224.0,50.92329,6.95891,5,774662.3176762194,6607735.8126327135
344,1561947237.0,50.92359,6.95882,5,774652.2989220481,6607788.791785718
345,1561947250.0,50.92451,6.95862,5,774630.0350238894,6607951.263318533
346,1561947263.0,50.9257,6.95829,5,774593.2995919276,6608161.421480011
347,1561947276.0,50.92651,6.95806,5,774567.6961090451,6608304.473387604
348,1561947289.0,50.92645,6.95794,5,774554.3377701499,6608293.876864582
349,1561947302.0,50.92645,6.95782,5,774540.9794312547,6608293.876864582
350,1561947315.0,50.92655,6.95494,5,774220.37929777,6608311.537743873
351,1561947328.0,50.92657,6.95485,5,774210.3605435988,6608315.069924291
352,1561947341.0,50.92667,6.95469,5,774192.5494250718,6608332.730849139
353,1561947354.0,50.92774,6.95316,5,774022.230604158,6608521.705121503
354,1561947367.0,50.92806,6.9524,5,773937.6277911551,6608578.221636129
355,1561947380.0,50.92813,6.95225,5,773920.9298675363,6608590.584675528
356,1561947393.0,50.92857,6.95097,5,773778.4409193208,6608668.295634915
357,1561947406.0,50.92881,6.95022,5,773694.9513012258,6608710.683740773
358,1561947419.0,50.9288,6.95018,5,773690.4985215941,6608708.917565325
359,1561947432.0,50.92877,6.95015,5,773687.1589368703,6608703.619041273
360,1561947445.0,50.92896,6.94974,5,773641.5179456451,6608737.1764179915
361,1561947458.0,50.92945,6.95042,5,773717.2151993846,6608823.7197589595
362,1561947471.0,50.9299,6.95106,5,773788.4596734922,6608903.199140491
363,1561947484.0,50.92963,6.95152,5,773839.6666392571,6608855.511419302
364,1561947420.0,50.98433,6.94733,6,773373.2379728333,6618522.349105438
365,1561947432.0,50.98406,6.94752,6,773394.388676084,6618474.605493377
366,1561947444.0,50.98404,6.94747,6,773388.8227015444,6618471.068940566
367,1561947456.0,50.98402,6.94741,6,773382.1435320968,6618467.5323892785
368,1561947468.0,50.98394,6.94747,6,773388.8227015444,6618453.386199365
369,1561947480.0,50.98375,6.94758,6,773401.0678455316,6618419.789096029
370,1561947492.0,50.98356,6.94765,6,773408.8602098871,6618386.192130192
371,1561947504.0,50.98322,6.94769,6,773413.3129895187,6618326.07158714
372,1561947516.0,50.98178,6.94783,6,773428.8977182299,6618071.448286088
373,1561947528.0,50.98151,6.94788,6,773434.4636927695,6618023.707296353
374,1561947540.0,50.98123,6.94789,6,773435.5768876775,6617974.198415067
375,1561947552.0,50.98065,6.94803,6,773451.1616163886,6617871.645253631
376,1561947564.0,50.98018,6.94816,6,773465.6331501916,6617788.542769395
377,1561947576.0,50.97857,6.94861,6,773515.7269210487,6617503.878933699
378,1561947588.0,50.97736,6.94914,6,773574.7262511691,6617289.945528883
379,1561947600.0,50.97619,6.94967,6,773633.7255812895,6617083.0896039875
380,1561947612.0,50.97592,6.94984,6,773652.6498947244,6617035.35436147
381,1561947624.0,50.97583,6.94994,6,773663.7818438037,6617019.44267564
382,1561947636.0,50.97521,6.9502,6,773692.7249114099,6616909.829677886
383,1561947648.0,50.97484,6.95038,6,773712.7624197528,6616844.416166818
384,1561947660.0,50.97438,6.95054,6,773730.5735382797,6616763.091987923
385,1561947672.0,50.97403,6.95069,6,773747.2714618986,6616701.215434911
386,1561947684.0,50.97315,6.95106,6,773788.4596734922,6616545.642161859
387,1561947696.0,50.97268,6.95125,6,773809.6103767429,6616462.553098685
388,1561947708.0,50.97239,6.95139,6,773825.195105454,6616411.285798335
389,1561947480.0,50.95083,6.95846,7,774612.2239053623,6612600.723414703
390,1561947488.0,50.95084,6.9576,7,774516.4891432802,6612602.490427149
391,1561947496.0,50.95094,6.95757,7,774513.1495585564,6612620.160572522
392,1561947504.0,50.95093,6.95744,7,774498.6780247533,6612618.393556276
393,1561947512.0,50.951,6.95723,7,774475.3009316867,6612630.762678
394,1561947520.0,50.95113,6.95703,7,774453.037033528,6612653.733953482
395,1561947528.0,50.95125,6.95705,7,774455.2634233439,6612674.9382647965
396,1561947536.0,50.95186,6.95712,7,774463.0557876994,6612782.727693821
397,1561947544.0,50.95289,6.95726,7,774478.6405164105,6612964.736006467
398,1561947552.0,50.95383,6.95735,7,774488.6592705819,6613130.844200621
399,1561947560.0,50.95394,6.95735,7,774488.6592705819,6613150.282613136
400,1561947568.0,50.95412,6.9573,7,774483.0932960422,6613182.091023775
401,1561947576.0,50.95521,6.9568,7,774427.4335506456,6613374.711253466
402,1561947584.0,50.95551,6.95752,7,774507.5835840168,6613427.726788436
403,1561947592.0,50.9556,6.95762,7,774518.7155330961,6613443.631515666
404,1561947600.0,50.95568,6.95765,7,774522.0551178199,6613457.769076843
405,1561947608.0,50.95616,6.95762,7,774518.7155330961,6613542.594954994
406,1561947616.0,50.95674,6.95766,7,774523.1683127277,6613645.094060118
407,1561947624.0,50.9573,6.95772,7,774529.8474821754,6613744.059927276
408,1561947632.0,50.95766,6.95779,7,774537.639846531,6613807.681471679
409,1561947640.0,50.95783,6.95783,7,774542.0926261627,6613837.725150098
410,1561947648.0,50.9582,6.95786,7,774545.4322108864,6613903.114712481
411,1561947656.0,50.95994,6.95806,7,774567.6961090451,6614210.629366275
412,1561947664.0,50.95991,6.95858,7,774625.5822442576,6614205.327291924
413,1561947672.0,50.95988,6.95958,7,774736.9017350508,6614200.025220991
414,1561947680.0,50.95988,6.96014,7,774799.240649895,6614200.025220991
415,1561947688.0,50.95989,6.96024,7,774810.3725989744,6614201.79257759
416,1561947696.0,50.95986,6.96033,7,774820.3913531458,6614196.49050894
417,1561947704.0,50.95967,6.96073,7,774864.9191494631,6614162.910820344
418,1561947712.0,50.95963,6.96081,7,774873.8247087266,6614155.841429714
419,1561947720.0,50.95961,6.96083,7,774876.0510985424,6614152.306736682
420,1561947728.0,50.95961,6.96115,7,774911.6733355963,6614152.306736682
421,1561947736.0,50.9596,6.96145,7,774945.0691828342,6614150.539390737
422,1561947744.0,50.95992,6.96148,7,774948.408767558,6614207.094649659
423,1561947752.0,50.9607,6.96153,7,774953.9747420978,6614344.949725105
424,1561947760.0,50.96111,6.96155,7,774956.2011319136,6614417.41293631
425,1561947768.0,50.96175,6.96149,7,774949.5219624661,6614530.52751976
426,1561947776.0,50.96188,6.96149,7,774949.5219624661,6614553.504109915
427,1561947784.0,50.96227,6.96153,7,774953.9747420978,6614622.434266139
428,1561947792.0,50.96234,6.96164,7,774966.219886085,6614634.806406708
429,1561947800.0,50.96235,6.96171,7,774974.0122504405,6614636.573856886
430,1561947808.0,50.96268,6.96215,7,775022.9928263896,6614694.899926063
431,1561947816.0,50.96271,6.96218,7,775026.3324111134,6614700.202316535
432,1561947824.0,50.9628,6.96245,7,775056.3886736275,6614716.109508485
433,1561947832.0,50.96287,6.96285,7,775100.916469945,6614728.481790194
434,1561947840.0,50.96288,6.96333,7,775154.3498255257,6614730.24926053
435,1561947848.0,50.96291,6.96345,7,775167.7081644209,6614735.551673824
436,1561947856.0,50.96298,6.96358,7,775182.1796982241,6614747.923984832
437,1561947864.0,50.96297,6.96379,7,775205.5567912905,6614746.1565106865
438,1561947872.0,50.96294,6.96403,7,775232.273469081,6614740.854090546
439,1561947880.0,50.96295,6.96428,7,775260.1033417792,6614742.6215635445
440,1561947888.0,50.96297,6.96439,7,775272.3484857664,6614746.1565106865
441,1561947896.0,50.96328,6.96483,7,775321.3290617155,6614800.948385993
442,1561947904.0,50.96345,6.96514,7,775355.8381038615,6614830.995698637
443,1561947912.0,50.96355,6.96536,7,775380.328391836,6614848.670639794
444,1561947920.0,50.9638,6.96521,7,775363.6304682171,6614892.858159127
445,1561947928.0,50.96403,6.96508,7,775349.1589344139,6614933.510886926
446,1561947936.0,50.96437,6.96502,7,775342.4797649663,6614993.606592347
447,1561947944.0,50.96523,6.96488,7,775326.8950362552,6615145.61533989
448,1561947952.0,50.96546,6.96482,7,775320.2158668076,6615186.26931908
449,1561947960.0,50.9656,6.96469,7,775305.7443330046,6615211.015318002
450,1561947968.0,50.96573,6.96459,7,775294.6123839252,6615233.993812352
451,1561947976.0,50.96579,6.96459,7,775294.6123839252,6615244.599292974
452,1561947984.0,50.96596,6.96463,7,775299.0651635568,6615274.648229113
453,1561947992.0,50.96672,6.96479,7,775316.8762820838,6615408.985994241
454,1561948000.0,50.96675,6.96478,7,775315.7630871759,6615414.288845853
455,1561948008.0,50.96685,6.96473,7,775310.1971126363,6615431.965042616
456,1561948016.0,50.96688,6.96472,7,775309.0839177283,6615437.2679090705
457,1561948024.0,50.96936,6.96493,7,775332.4610107949,6615875.650046309
458,1561948032.0,50.96954,6.96497,7,775336.9137904266,6615907.469015727
459,1561948040.0,50.97006,6.96502,7,775342.4797649663,6615999.391175598
460,1561948048.0,50.97014,6.96503,7,775343.5929598742,6616013.533137692
461,1561948056.0,50.97021,6.96508,7,775349.1589344139,6616025.907374503
462,1561948064.0,50.97033,6.96519,7,775361.4040784012,6616047.12039528
463,1561948072.0,50.97038,6.96521,7,775363.6304682171,6616055.959170118
464,1561948080.0,50.97049,6.96542,7,775387.0075612835,6616075.4045082405
465,1561948088.0,50.97073,6.96521,7,775363.6304682171,6616117.8308603745
466,1561948096.0,50.97083,6.9652,7,775362.5172733092,6616135.508571802
467,1561948104.0,50.97114,6.9652,7,775362.5172733092,6616190.309719101
468,1561948112.0,50.97171,6.96526,7,775369.1964427567,6616291.074073567
469,1561948120.0,50.97179,6.96436,7,775269.0089010427,6616305.216538066
470,1561947600.0,50.97458,6.96283,8,775098.6900801291,6616798.450227594
471,1561947610.0,50.97425,6.96282,8,775097.5768852211,6616740.109213795
472,1561947620.0,50.97424,6.9622,8,775028.5588009293,6616738.34131076
473,1561947630.0,50.97424,6.96118,8,774915.01292032,6616738.34131076
474,1561947640.0,50.97423,6.95976,8,774756.9392433937,6616736.5734081
475,1561947650.0,50.9742,6.95881,8,774651.18572714,6616731.269702416
476,1561947660.0,50.97416,6.95703,8,774453.037033528,6616724.1981001645
477,1561947670.0,50.97416,6.95595,8,774332.8119834713,6616724.1981001645
478,1561947680.0,50.97421,6.95518,8,774247.0959755606,6616733.037603929
479,1561947690.0,50.97431,6.95434,8,774153.587603294,6616750.716640015
480,1561947700.0,50.97448,6.95348,8,774057.852841212,6616780.771088722
481,1561947710.0,50.97485,6.95205,8,773898.6659693775,6616846.1840927
482,1561947720.0,50.9752,6.95059,8,773736.1395128194,6616908.061738301
483,1561947730.0,50.97521,6.95042,8,773717.2151993846,6616909.829677886
484,1561947740.0,50.97519,6.94972,8,773639.2915558292,6616906.293799098
485,1561947750.0,50.97512,6.94871,8,773526.858870128,6616893.918235334
486,1561947760.0,50.9755,6.94774,8,773418.8789640585,6616961.100091439
487,1561947770.0,50.97572,6.94714,8,773352.0872695826,6616999.995101506
488,1561947780.0,50.97579,6.9469,8,773325.3705917923,6617012.370825171
489,1561947790.0,50.97584,6.94668,8,773300.8803038176,6617021.210639208
490,1561947800.0,50.97597,6.94668,8,773300.8803038176,6617044.194200254
491,1561947810.0,50.97649,6.9465,8,773280.8427954749,6617136.1290878635
492,1561947820.0,50.97746,6.9461,8,773236.3149991576,6617307.6257642405
493,1561947830.0,50.97866,6.94553,8,773172.8628894053,6617519.791558462
494,1561947840.0,50.97883,6.94546,8,773165.0705250498,6617549.84882272
495,1561947850.0,50.97898,6.94547,8,773166.1837199578,6617576.370029635
496,1561947860.0,50.97924,6.9455,8,773169.5233046815,6617622.340324582
497,1561947870.0,50.97942,6.94554,8,773173.9760843134,6617654.166064182
498,1561947880.0,50.9797,6.94562,8,773182.8816435768,6617703.673015463
499,1561947890.0,50.97971,6.94565,8,773186.2212283006,6617705.441126391
500,1561947900.0,50.97973,6.94569,8,773190.6740079323,6617708.977349383
501,1561947910.0,50.97976,6.94572,8,773194.0135926561,6617714.281686725
502,1561947920.0,50.97977,6.94572,8,773194.0135926561,6617716.049799932
503,1561947930.0,50.97989,6.94589,8,773212.937906091,6617737.267188151
504,1561947940.0,50.98026,6.94647,8,773277.503210751,6617802.687813689
505,1561947950.0,50.98032,6.94654,8,773285.2955751065,6617813.2966129035
506,1561947960.0,50.98035,6.94656,8,773287.5219649224,6617818.601017647
507,1561947970.0,50.98052,6.94654,8,773285.2955751065,6617848.659375958
508,1561947980.0,50.98062,6.94654,8,773285.2955751065,6617866.340814607
509,1561947990.0,50.98069,6.94655,8,773286.4087700145,6617878.717844325
510,1561948000.0,50.98074,6.9466,8,773291.9747445541,6617887.558591261
511,1561948010.0,50.98078,6.94665,8,773297.5407190938,6617894.631195664
512,1561948020.0,50.98081,6.94673,8,773306.4462783573,6617899.935652965
513,1561948030.0,50.98102,6.94732,8,773372.1247779253,6617937.066950039
514,1561948040.0,50.98131,6.94707,8,773344.294905227,6617988.343779251
515,1561948050.0,50.9818,6.94633,8,773261.9184820399,6618074.984666742
516,1561948060.0,50.98186,6.94624,8,773251.8997278686,6618085.593817848
517,1561947780.0,50.98292,6.94785,9,773431.1241080457,6618273.024414802
518,1561947790.0,50.98355,6.94777,9,773422.2185487823,6618384.423872643
519,1561947800.0,50.98372,6.94771,9,773415.5393793347,6618414.484302806
520,1561947810.0,50.98406,6.94752,9,773394.388676084,6618474.605493377
521,1561947820.0,50.98402,6.94741,9,773382.1435320968,6618467.5323892785
522,1561947830.0,50.98368,6.94761,9,773404.4074302554,6618407.411250514
523,1561947840.0,50.98356,6.94765,9,773408.8602098871,6618386.192130192
524,1561947850.0,50.98334,6.94768,9,773412.199794611,6618347.290552062
525,1561947860.0,50.98178,6.94783,9,773428.8977182299,6618071.448286088
526,1561947870.0,50.98151,6.94788,9,773434.4636927695,6618023.707296353
527,1561947880.0,50.98123,6.94789,9,773435.5768876775,6617974.198415067
528,1561947890.0,50.98035,6.94811,9,773460.067175652,6617818.601017647
529,1561947900.0,50.97928,6.94842,9,773494.5762177979,6617629.4127004985
530,1561947910.0,50.97857,6.94861,9,773515.7269210487,6617503.878933699
531,1561947920.0,50.97753,6.94906,9,773565.8206919056,6617320.00195164
532,1561947930.0,50.97619,6.94967,9,773633.7255812895,6617083.0896039875
533,1561947940.0,50.97592,6.94984,9,773652.6498947244,6617035.35436147
534,1561947950.0,50.97583,6.94994,9,773663.7818438037,6617019.44267564
535,1561947960.0,50.97521,6.9502,9,773692.7249114099,6616909.829677886
536,1561947970.0,50.97484,6.95038,9,773712.7624197528,6616844.416166818
537,1561947980.0,50.9742,6.95061,9,773738.3659026353,6616731.269702416
538,1561947990.0,50.97351,6.95091,9,773771.7617498732,6616609.285417254
539,1561948000.0,50.97293,6.95116,9,773799.5916225715,6616506.749304202
540,1561948010.0,50.97268,6.95125,9,773809.6103767429,6616462.553098685
541,1561948020.0,50.97248,6.95135,9,773820.7423258221,6616427.196305564
542,1561948030.0,50.97213,6.9515,9,773837.4402494412,6616365.322283978
543,1561948040.0,50.9717,6.9517,9,773859.7041475999,6616289.306267214
544,1561948050.0,50.97088,6.95206,9,773899.7791642855,6616144.347441787
545,1561948060.0,50.96961,6.95258,9,773957.6652994979,6615919.84309269
546,1561948070.0,50.96909,6.95279,9,773981.0423925646,6615827.921823386
547,1561948080.0,50.96889,6.95286,9,773988.8347569201,6615792.567763053
548,1561948090.0,50.96867,6.9529,9,773993.2875365517,6615753.678472515
549,1561948100.0,50.96746,6.95321,9,774027.7965786977,6615539.790666928
550,1561948110.0,50.9666,6.95339,9,774047.8340870405,6615387.774622051
551,1561948120.0,50.9659,6.95353,9,774063.4188157516,6615264.042709687
552,1561948130.0,50.96542,6.95358,9,774068.9847902912,6615179.199047369
553,1561948140.0,50.96527,6.95361,9,774072.3243750151,6615152.685582683
554,1561948150.0,50.96475,6.95372,9,774084.5695190022,6615060.772901238
555,1561948160.0,50.96442,6.95376,9,774089.0222986339,6615002.444233181
556,1561948170.0,50.96417,6.9538,9,774093.4750782658,6614958.2561241295
557,1561948180.0,50.96327,6.95404,9,774120.1917560562,6614799.180900435
558,1561948190.0,50.96298,6.95408,9,774124.6445356879,6614747.923984832
559,1561948200.0,50.96258,6.9542,9,774138.0028745831,6614677.225315896
560,1561948210.0,50.96184,6.95436,9,774155.81399311,6614546.4343830235
561,1561948220.0,50.96157,6.95443,9,774163.6063574655,6614498.713885676
562,1561948230.0,50.96132,6.95447,9,774168.0591370972,6614454.528487252
563,1561948240.0,50.96093,6.9545,9,774171.3987218211,6614385.599740453
564,1561948250.0,50.96063,6.95449,9,774170.2855269131,6614332.578021246
565,1561948260.0,50.96016,6.9545,9,774171.3987218211,6614249.511349464
566,1561948270.0,50.96005,6.95448,9,774169.1723320052,6614230.070334857
567,1561948280.0,50.95983,6.9545,9,774171.3987218211,6614191.188443718
568,1561948290.0,50.95939,6.95464,9,774186.9834505322,6614113.425213742
569,1561948300.0,50.95886,6.95487,9,774212.5869334145,6614019.75684627
570,1561948310.0,50.95814,6.95522,9,774251.5487551922,6613892.510964294
571,1561948320.0,50.95751,6.95555,9,774288.2841871539,6613781.172434947
572,1561948330.0,50.95687,6.95583,9,774319.4536445761,6613668.068172984
573,1561948340.0,50.95603,6.95622,9,774362.8682459855,6613519.621193148
574,1561948350.0,50.95519,6.95666,9,774411.8488219345,6613371.1768966345
575,1561948360.0,50.95432,6.9571,9,774460.8293978835,6613217.433846761
576,1561948370.0,50.95412,6.95718,9,774469.734957147,6613182.091023775
577,1561948380.0,50.95399,6.95722,9,774474.1877367788,6613159.118270399
578,1561948390.0,50.95383,6.95735,9,774488.6592705819,6613130.844200621
579,1561948400.0,50.95289,6.95726,9,774478.6405164105,6612964.736006467
580,1561948410.0,50.95172,6.9571,9,774460.8293978835,6612757.989011253
581,1561948420.0,50.95125,6.95705,9,774455.2634233439,6612674.9382647965
582,1561948430.0,50.95113,6.95703,9,774453.037033528,6612653.733953482
583,1561948440.0,50.95102,6.95697,9,774446.3578640805,6612634.296716199
584,1561948450.0,50.95087,6.95689,9,774437.4523048169,6612607.791466773
585,1561948460.0,50.95074,6.95684,9,774431.8863302773,6612584.820319791
586,1561948470.0,50.95065,6.95669,9,774415.1884066582,6612568.917255675
587,1561948480.0,50.95054,6.95651,9,774395.1508983155,6612549.480219122
588,1561948490.0,50.95049,6.9564,9,774382.9057543284,6612540.645217717
589,1561948500.0,50.95033,6.95603,9,774341.7175427348,6612512.373277089
590,1561948510.0,50.95005,6.95524,9,774253.7751450081,6612462.89761517
591,1561948520.0,50.94985,6.95461,9,774183.6438658083,6612427.5580391325
592,1561948530.0,50.94982,6.95445,9,774165.8327472814,6612422.257115846
593,1561948540.0,50.94935,6.9531,9,774015.5514347104,6612339.209764311
594,1561948550.0,50.94922,6.95272,9,773973.2500282091,6612316.239368525
595,1561948560.0,50.9487,6.95127,9,773811.8367665588,6612224.358427827
596,1561948570.0,50.94859,6.95116,9,773799.5916225715,6612204.922206702
597,1561948580.0,50.94851,6.9511,9,773792.912453124,6612190.786802044
598,1561948590.0,50.94842,6.95109,9,773791.7992582159,6612174.884500887
599,1561948600.0,50.9484,6.95111,9,773794.0256480318,6612171.350660367
600,1561948610.0,50.94847,6.95129,9,773814.0631563746,6612183.7191088395
601,1561948620.0,50.94881,6.95225,9,773920.9298675363,6612243.794694947
602,1561948630.0,50.94903,6.95287,9,773989.947951828,6612282.6673671715
